date,term_name,hits,term_id
2021-11-01T00:00:00Z,migrace,43,11
2021-11-01T00:00:00Z,imigrace,31,8
2021-11-01T00:00:00Z,pøistìhovalectví,0,16
2021-11-01T00:00:00Z,emigrace,34,5
2021-11-01T00:00:00Z,migrant,15,12
2021-11-01T00:00:00Z,migranti,56,13
2021-11-01T00:00:00Z,imigrant,20,9
2021-11-01T00:00:00Z,imigranti,1,10
2021-11-01T00:00:00Z,uprchlík,33,18
2021-11-01T00:00:00Z,uprchlíci,0,17
2021-11-01T00:00:00Z,bìženky,0,4
2021-11-01T00:00:00Z,bìženci,0,3
2021-11-01T00:00:00Z,pøistìhovalec,0,15
2021-11-01T00:00:00Z,pøistìhovalci,0,14
2021-11-01T00:00:00Z,emigrant,27,6
2021-11-01T00:00:00Z,emigranti,0,7
2021-11-01T00:00:00Z,azylant,0,1
2021-11-01T00:00:00Z,azylanti,0,2
2021-11-01T00:00:00Z,uteèenci,13,19
2021-10-01T00:00:00Z,migrace,16,11
2021-10-01T00:00:00Z,imigrace,7,8
2021-10-01T00:00:00Z,pøistìhovalectví,0,16
2021-10-01T00:00:00Z,emigrace,0,5
2021-10-01T00:00:00Z,migrant,20,12
2021-10-01T00:00:00Z,migranti,24,13
2021-10-01T00:00:00Z,imigrant,13,9
2021-10-01T00:00:00Z,imigranti,1,10
2021-10-01T00:00:00Z,uprchlík,0,18
2021-10-01T00:00:00Z,uprchlíci,2,17
2021-10-01T00:00:00Z,bìženky,0,4
2021-10-01T00:00:00Z,bìženci,0,3
2021-10-01T00:00:00Z,pøistìhovalec,0,15
2021-10-01T00:00:00Z,pøistìhovalci,34,14
2021-10-01T00:00:00Z,emigrant,53,6
2021-10-01T00:00:00Z,emigranti,9,7
2021-10-01T00:00:00Z,azylant,0,1
2021-10-01T00:00:00Z,azylanti,0,2
2021-10-01T00:00:00Z,uteèenci,0,19
2021-09-01T00:00:00Z,migrace,28,11
2021-09-01T00:00:00Z,imigrace,15,8
2021-09-01T00:00:00Z,pøistìhovalectví,0,16
2021-09-01T00:00:00Z,emigrace,24,5
2021-09-01T00:00:00Z,migrant,11,12
2021-09-01T00:00:00Z,migranti,10,13
2021-09-01T00:00:00Z,imigrant,21,9
2021-09-01T00:00:00Z,imigranti,0,10
2021-09-01T00:00:00Z,uprchlík,0,18
2021-09-01T00:00:00Z,uprchlíci,4,17
2021-09-01T00:00:00Z,bìženky,0,4
2021-09-01T00:00:00Z,bìženci,0,3
2021-09-01T00:00:00Z,pøistìhovalec,73,15
2021-09-01T00:00:00Z,pøistìhovalci,36,14
2021-09-01T00:00:00Z,emigrant,19,6
2021-09-01T00:00:00Z,emigranti,9,7
2021-09-01T00:00:00Z,azylant,0,1
2021-09-01T00:00:00Z,azylanti,0,2
2021-09-01T00:00:00Z,uteèenci,9,19
2021-08-01T00:00:00Z,migrace,20,11
2021-08-01T00:00:00Z,imigrace,0,8
2021-08-01T00:00:00Z,pøistìhovalectví,0,16
2021-08-01T00:00:00Z,emigrace,14,5
2021-08-01T00:00:00Z,migrant,0,12
2021-08-01T00:00:00Z,migranti,7,13
2021-08-01T00:00:00Z,imigrant,12,9
2021-08-01T00:00:00Z,imigranti,1,10
2021-08-01T00:00:00Z,uprchlík,20,18
2021-08-01T00:00:00Z,uprchlíci,0,17
2021-08-01T00:00:00Z,bìženky,0,4
2021-08-01T00:00:00Z,bìženci,5,3
2021-08-01T00:00:00Z,pøistìhovalec,0,15
2021-08-01T00:00:00Z,pøistìhovalci,32,14
2021-08-01T00:00:00Z,emigrant,33,6
2021-08-01T00:00:00Z,emigranti,0,7
2021-08-01T00:00:00Z,azylant,0,1
2021-08-01T00:00:00Z,azylanti,0,2
2021-08-01T00:00:00Z,uteèenci,0,19
2021-07-01T00:00:00Z,migrace,2,11
2021-07-01T00:00:00Z,imigrace,0,8
2021-07-01T00:00:00Z,pøistìhovalectví,60,16
2021-07-01T00:00:00Z,emigrace,21,5
2021-07-01T00:00:00Z,migrant,10,12
2021-07-01T00:00:00Z,migranti,18,13
2021-07-01T00:00:00Z,imigrant,6,9
2021-07-01T00:00:00Z,imigranti,1,10
2021-07-01T00:00:00Z,uprchlík,10,18
2021-07-01T00:00:00Z,uprchlíci,3,17
2021-07-01T00:00:00Z,bìženky,0,4
2021-07-01T00:00:00Z,bìženci,0,3
2021-07-01T00:00:00Z,pøistìhovalec,0,15
2021-07-01T00:00:00Z,pøistìhovalci,0,14
2021-07-01T00:00:00Z,emigrant,33,6
2021-07-01T00:00:00Z,emigranti,16,7
2021-07-01T00:00:00Z,azylant,0,1
2021-07-01T00:00:00Z,azylanti,0,2
2021-07-01T00:00:00Z,uteèenci,0,19
2021-06-01T00:00:00Z,migrace,22,11
2021-06-01T00:00:00Z,imigrace,0,8
2021-06-01T00:00:00Z,pøistìhovalectví,0,16
2021-06-01T00:00:00Z,emigrace,21,5
2021-06-01T00:00:00Z,migrant,19,12
2021-06-01T00:00:00Z,migranti,11,13
2021-06-01T00:00:00Z,imigrant,0,9
2021-06-01T00:00:00Z,imigranti,1,10
2021-06-01T00:00:00Z,uprchlík,0,18
2021-06-01T00:00:00Z,uprchlíci,2,17
2021-06-01T00:00:00Z,bìženky,0,4
2021-06-01T00:00:00Z,bìženci,0,3
2021-06-01T00:00:00Z,pøistìhovalec,64,15
2021-06-01T00:00:00Z,pøistìhovalci,96,14
2021-06-01T00:00:00Z,emigrant,33,6
2021-06-01T00:00:00Z,emigranti,32,7
2021-06-01T00:00:00Z,azylant,0,1
2021-06-01T00:00:00Z,azylanti,0,2
2021-06-01T00:00:00Z,uteèenci,0,19
2021-05-01T00:00:00Z,migrace,24,11
2021-05-01T00:00:00Z,imigrace,6,8
2021-05-01T00:00:00Z,pøistìhovalectví,0,16
2021-05-01T00:00:00Z,emigrace,25,5
2021-05-01T00:00:00Z,migrant,0,12
2021-05-01T00:00:00Z,migranti,14,13
2021-05-01T00:00:00Z,imigrant,5,9
2021-05-01T00:00:00Z,imigranti,1,10
2021-05-01T00:00:00Z,uprchlík,18,18
2021-05-01T00:00:00Z,uprchlíci,3,17
2021-05-01T00:00:00Z,bìženky,0,4
2021-05-01T00:00:00Z,bìženci,0,3
2021-05-01T00:00:00Z,pøistìhovalec,0,15
2021-05-01T00:00:00Z,pøistìhovalci,0,14
2021-05-01T00:00:00Z,emigrant,30,6
2021-05-01T00:00:00Z,emigranti,0,7
2021-05-01T00:00:00Z,azylant,0,1
2021-05-01T00:00:00Z,azylanti,0,2
2021-05-01T00:00:00Z,uteèenci,0,19
2021-04-01T00:00:00Z,migrace,24,11
2021-04-01T00:00:00Z,imigrace,23,8
2021-04-01T00:00:00Z,pøistìhovalectví,0,16
2021-04-01T00:00:00Z,emigrace,77,5
2021-04-01T00:00:00Z,migrant,0,12
2021-04-01T00:00:00Z,migranti,13,13
2021-04-01T00:00:00Z,imigrant,11,9
2021-04-01T00:00:00Z,imigranti,1,10
2021-04-01T00:00:00Z,uprchlík,28,18
2021-04-01T00:00:00Z,uprchlíci,2,17
2021-04-01T00:00:00Z,bìženky,0,4
2021-04-01T00:00:00Z,bìženci,0,3
2021-04-01T00:00:00Z,pøistìhovalec,0,15
2021-04-01T00:00:00Z,pøistìhovalci,0,14
2021-04-01T00:00:00Z,emigrant,61,6
2021-04-01T00:00:00Z,emigranti,7,7
2021-04-01T00:00:00Z,azylant,0,1
2021-04-01T00:00:00Z,azylanti,0,2
2021-04-01T00:00:00Z,uteèenci,0,19
2021-03-01T00:00:00Z,migrace,25,11
2021-03-01T00:00:00Z,imigrace,5,8
2021-03-01T00:00:00Z,pøistìhovalectví,49,16
2021-03-01T00:00:00Z,emigrace,47,5
2021-03-01T00:00:00Z,migrant,31,12
2021-03-01T00:00:00Z,migranti,21,13
2021-03-01T00:00:00Z,imigrant,5,9
2021-03-01T00:00:00Z,imigranti,1,10
2021-03-01T00:00:00Z,uprchlík,33,18
2021-03-01T00:00:00Z,uprchlíci,1,17
2021-03-01T00:00:00Z,bìženky,0,4
2021-03-01T00:00:00Z,bìženci,4,3
2021-03-01T00:00:00Z,pøistìhovalec,0,15
2021-03-01T00:00:00Z,pøistìhovalci,0,14
2021-03-01T00:00:00Z,emigrant,27,6
2021-03-01T00:00:00Z,emigranti,7,7
2021-03-01T00:00:00Z,azylant,0,1
2021-03-01T00:00:00Z,azylanti,39,2
2021-03-01T00:00:00Z,uteèenci,0,19
2021-02-01T00:00:00Z,migrace,25,11
2021-02-01T00:00:00Z,imigrace,12,8
2021-02-01T00:00:00Z,pøistìhovalectví,0,16
2021-02-01T00:00:00Z,emigrace,46,5
2021-02-01T00:00:00Z,migrant,0,12
2021-02-01T00:00:00Z,migranti,9,13
2021-02-01T00:00:00Z,imigrant,17,9
2021-02-01T00:00:00Z,imigranti,3,10
2021-02-01T00:00:00Z,uprchlík,29,18
2021-02-01T00:00:00Z,uprchlíci,2,17
2021-02-01T00:00:00Z,bìženky,0,4
2021-02-01T00:00:00Z,bìženci,0,3
2021-02-01T00:00:00Z,pøistìhovalec,0,15
2021-02-01T00:00:00Z,pøistìhovalci,0,14
2021-02-01T00:00:00Z,emigrant,31,6
2021-02-01T00:00:00Z,emigranti,8,7
2021-02-01T00:00:00Z,azylant,0,1
2021-02-01T00:00:00Z,azylanti,0,2
2021-02-01T00:00:00Z,uteèenci,0,19
2021-01-01T00:00:00Z,migrace,45,11
2021-01-01T00:00:00Z,imigrace,11,8
2021-01-01T00:00:00Z,pøistìhovalectví,0,16
2021-01-01T00:00:00Z,emigrace,84,5
2021-01-01T00:00:00Z,migrant,24,12
2021-01-01T00:00:00Z,migranti,19,13
2021-01-01T00:00:00Z,imigrant,5,9
2021-01-01T00:00:00Z,imigranti,1,10
2021-01-01T00:00:00Z,uprchlík,26,18
2021-01-01T00:00:00Z,uprchlíci,1,17
2021-01-01T00:00:00Z,bìženky,0,4
2021-01-01T00:00:00Z,bìženci,0,3
2021-01-01T00:00:00Z,pøistìhovalec,0,15
2021-01-01T00:00:00Z,pøistìhovalci,27,14
2021-01-01T00:00:00Z,emigrant,14,6
2021-01-01T00:00:00Z,emigranti,0,7
2021-01-01T00:00:00Z,azylant,0,1
2021-01-01T00:00:00Z,azylanti,0,2
2021-01-01T00:00:00Z,uteèenci,0,19
2020-12-01T00:00:00Z,migrace,14,11
2020-12-01T00:00:00Z,imigrace,12,8
2020-12-01T00:00:00Z,pøistìhovalectví,0,16
2020-12-01T00:00:00Z,emigrace,40,5
2020-12-01T00:00:00Z,migrant,0,12
2020-12-01T00:00:00Z,migranti,13,13
2020-12-01T00:00:00Z,imigrant,6,9
2020-12-01T00:00:00Z,imigranti,2,10
2020-12-01T00:00:00Z,uprchlík,48,18
2020-12-01T00:00:00Z,uprchlíci,2,17
2020-12-01T00:00:00Z,bìženky,0,4
2020-12-01T00:00:00Z,bìženci,0,3
2020-12-01T00:00:00Z,pøistìhovalec,0,15
2020-12-01T00:00:00Z,pøistìhovalci,0,14
2020-12-01T00:00:00Z,emigrant,0,6
2020-12-01T00:00:00Z,emigranti,0,7
2020-12-01T00:00:00Z,azylant,0,1
2020-12-01T00:00:00Z,azylanti,0,2
2020-12-01T00:00:00Z,uteèenci,0,19
2020-11-01T00:00:00Z,migrace,36,11
2020-11-01T00:00:00Z,imigrace,44,8
2020-11-01T00:00:00Z,pøistìhovalectví,0,16
2020-11-01T00:00:00Z,emigrace,66,5
2020-11-01T00:00:00Z,migrant,24,12
2020-11-01T00:00:00Z,migranti,12,13
2020-11-01T00:00:00Z,imigrant,5,9
2020-11-01T00:00:00Z,imigranti,2,10
2020-11-01T00:00:00Z,uprchlík,9,18
2020-11-01T00:00:00Z,uprchlíci,2,17
2020-11-01T00:00:00Z,bìženky,0,4
2020-11-01T00:00:00Z,bìženci,0,3
2020-11-01T00:00:00Z,pøistìhovalec,55,15
2020-11-01T00:00:00Z,pøistìhovalci,27,14
2020-11-01T00:00:00Z,emigrant,57,6
2020-11-01T00:00:00Z,emigranti,21,7
2020-11-01T00:00:00Z,azylant,55,1
2020-11-01T00:00:00Z,azylanti,0,2
2020-11-01T00:00:00Z,uteèenci,0,19
2020-10-01T00:00:00Z,migrace,40,11
2020-10-01T00:00:00Z,imigrace,17,8
2020-10-01T00:00:00Z,pøistìhovalectví,0,16
2020-10-01T00:00:00Z,emigrace,55,5
2020-10-01T00:00:00Z,migrant,16,12
2020-10-01T00:00:00Z,migranti,12,13
2020-10-01T00:00:00Z,imigrant,10,9
2020-10-01T00:00:00Z,imigranti,2,10
2020-10-01T00:00:00Z,uprchlík,9,18
2020-10-01T00:00:00Z,uprchlíci,5,17
2020-10-01T00:00:00Z,bìženky,0,4
2020-10-01T00:00:00Z,bìženci,0,3
2020-10-01T00:00:00Z,pøistìhovalec,0,15
2020-10-01T00:00:00Z,pøistìhovalci,83,14
2020-10-01T00:00:00Z,emigrant,29,6
2020-10-01T00:00:00Z,emigranti,7,7
2020-10-01T00:00:00Z,azylant,0,1
2020-10-01T00:00:00Z,azylanti,0,2
2020-10-01T00:00:00Z,uteèenci,0,19
2020-09-01T00:00:00Z,migrace,30,11
2020-09-01T00:00:00Z,imigrace,12,8
2020-09-01T00:00:00Z,pøistìhovalectví,0,16
2020-09-01T00:00:00Z,emigrace,13,5
2020-09-01T00:00:00Z,migrant,17,12
2020-09-01T00:00:00Z,migranti,27,13
2020-09-01T00:00:00Z,imigrant,6,9
2020-09-01T00:00:00Z,imigranti,2,10
2020-09-01T00:00:00Z,uprchlík,19,18
2020-09-01T00:00:00Z,uprchlíci,3,17
2020-09-01T00:00:00Z,bìženky,0,4
2020-09-01T00:00:00Z,bìženci,0,3
2020-09-01T00:00:00Z,pøistìhovalec,0,15
2020-09-01T00:00:00Z,pøistìhovalci,0,14
2020-09-01T00:00:00Z,emigrant,0,6
2020-09-01T00:00:00Z,emigranti,0,7
2020-09-01T00:00:00Z,azylant,0,1
2020-09-01T00:00:00Z,azylanti,0,2
2020-09-01T00:00:00Z,uteèenci,0,19
2020-08-01T00:00:00Z,migrace,16,11
2020-08-01T00:00:00Z,imigrace,0,8
2020-08-01T00:00:00Z,pøistìhovalectví,0,16
2020-08-01T00:00:00Z,emigrace,7,5
2020-08-01T00:00:00Z,migrant,26,12
2020-08-01T00:00:00Z,migranti,15,13
2020-08-01T00:00:00Z,imigrant,0,9
2020-08-01T00:00:00Z,imigranti,1,10
2020-08-01T00:00:00Z,uprchlík,19,18
2020-08-01T00:00:00Z,uprchlíci,5,17
2020-08-01T00:00:00Z,bìženky,0,4
2020-08-01T00:00:00Z,bìženci,0,3
2020-08-01T00:00:00Z,pøistìhovalec,0,15
2020-08-01T00:00:00Z,pøistìhovalci,30,14
2020-08-01T00:00:00Z,emigrant,15,6
2020-08-01T00:00:00Z,emigranti,0,7
2020-08-01T00:00:00Z,azylant,0,1
2020-08-01T00:00:00Z,azylanti,0,2
2020-08-01T00:00:00Z,uteèenci,0,19
2020-07-01T00:00:00Z,migrace,10,11
2020-07-01T00:00:00Z,imigrace,0,8
2020-07-01T00:00:00Z,pøistìhovalectví,0,16
2020-07-01T00:00:00Z,emigrace,26,5
2020-07-01T00:00:00Z,migrant,36,12
2020-07-01T00:00:00Z,migranti,17,13
2020-07-01T00:00:00Z,imigrant,0,9
2020-07-01T00:00:00Z,imigranti,1,10
2020-07-01T00:00:00Z,uprchlík,0,18
2020-07-01T00:00:00Z,uprchlíci,3,17
2020-07-01T00:00:00Z,bìženky,28,4
2020-07-01T00:00:00Z,bìženci,0,3
2020-07-01T00:00:00Z,pøistìhovalec,0,15
2020-07-01T00:00:00Z,pøistìhovalci,0,14
2020-07-01T00:00:00Z,emigrant,47,6
2020-07-01T00:00:00Z,emigranti,0,7
2020-07-01T00:00:00Z,azylant,60,1
2020-07-01T00:00:00Z,azylanti,0,2
2020-07-01T00:00:00Z,uteèenci,0,19
2020-06-01T00:00:00Z,migrace,30,11
2020-06-01T00:00:00Z,imigrace,33,8
2020-06-01T00:00:00Z,pøistìhovalectví,0,16
2020-06-01T00:00:00Z,emigrace,12,5
2020-06-01T00:00:00Z,migrant,32,12
2020-06-01T00:00:00Z,migranti,19,13
2020-06-01T00:00:00Z,imigrant,10,9
2020-06-01T00:00:00Z,imigranti,1,10
2020-06-01T00:00:00Z,uprchlík,60,18
2020-06-01T00:00:00Z,uprchlíci,2,17
2020-06-01T00:00:00Z,bìženky,0,4
2020-06-01T00:00:00Z,bìženci,0,3
2020-06-01T00:00:00Z,pøistìhovalec,0,15
2020-06-01T00:00:00Z,pøistìhovalci,27,14
2020-06-01T00:00:00Z,emigrant,28,6
2020-06-01T00:00:00Z,emigranti,14,7
2020-06-01T00:00:00Z,azylant,54,1
2020-06-01T00:00:00Z,azylanti,40,2
2020-06-01T00:00:00Z,uteèenci,0,19
2020-05-01T00:00:00Z,migrace,33,11
2020-05-01T00:00:00Z,imigrace,21,8
2020-05-01T00:00:00Z,pøistìhovalectví,0,16
2020-05-01T00:00:00Z,emigrace,52,5
2020-05-01T00:00:00Z,migrant,31,12
2020-05-01T00:00:00Z,migranti,17,13
2020-05-01T00:00:00Z,imigrant,10,9
2020-05-01T00:00:00Z,imigranti,1,10
2020-05-01T00:00:00Z,uprchlík,8,18
2020-05-01T00:00:00Z,uprchlíci,0,17
2020-05-01T00:00:00Z,bìženky,0,4
2020-05-01T00:00:00Z,bìženci,0,3
2020-05-01T00:00:00Z,pøistìhovalec,53,15
2020-05-01T00:00:00Z,pøistìhovalci,53,14
2020-05-01T00:00:00Z,emigrant,27,6
2020-05-01T00:00:00Z,emigranti,13,7
2020-05-01T00:00:00Z,azylant,0,1
2020-05-01T00:00:00Z,azylanti,0,2
2020-05-01T00:00:00Z,uteèenci,0,19
2020-04-01T00:00:00Z,migrace,26,11
2020-04-01T00:00:00Z,imigrace,27,8
2020-04-01T00:00:00Z,pøistìhovalectví,0,16
2020-04-01T00:00:00Z,emigrace,66,5
2020-04-01T00:00:00Z,migrant,16,12
2020-04-01T00:00:00Z,migranti,19,13
2020-04-01T00:00:00Z,imigrant,10,9
2020-04-01T00:00:00Z,imigranti,2,10
2020-04-01T00:00:00Z,uprchlík,26,18
2020-04-01T00:00:00Z,uprchlíci,1,17
2020-04-01T00:00:00Z,bìženky,0,4
2020-04-01T00:00:00Z,bìženci,0,3
2020-04-01T00:00:00Z,pøistìhovalec,0,15
2020-04-01T00:00:00Z,pøistìhovalci,54,14
2020-04-01T00:00:00Z,emigrant,14,6
2020-04-01T00:00:00Z,emigranti,14,7
2020-04-01T00:00:00Z,azylant,0,1
2020-04-01T00:00:00Z,azylanti,0,2
2020-04-01T00:00:00Z,uteèenci,7,19
2020-03-01T00:00:00Z,migrace,36,11
2020-03-01T00:00:00Z,imigrace,10,8
2020-03-01T00:00:00Z,pøistìhovalectví,48,16
2020-03-01T00:00:00Z,emigrace,23,5
2020-03-01T00:00:00Z,migrant,23,12
2020-03-01T00:00:00Z,migranti,48,13
2020-03-01T00:00:00Z,imigrant,10,9
2020-03-01T00:00:00Z,imigranti,4,10
2020-03-01T00:00:00Z,uprchlík,25,18
2020-03-01T00:00:00Z,uprchlíci,5,17
2020-03-01T00:00:00Z,bìženky,0,4
2020-03-01T00:00:00Z,bìženci,0,3
2020-03-01T00:00:00Z,pøistìhovalec,0,15
2020-03-01T00:00:00Z,pøistìhovalci,0,14
2020-03-01T00:00:00Z,emigrant,13,6
2020-03-01T00:00:00Z,emigranti,13,7
2020-03-01T00:00:00Z,azylant,52,1
2020-03-01T00:00:00Z,azylanti,0,2
2020-03-01T00:00:00Z,uteèenci,0,19
2020-02-01T00:00:00Z,migrace,25,11
2020-02-01T00:00:00Z,imigrace,0,8
2020-02-01T00:00:00Z,pøistìhovalectví,0,16
2020-02-01T00:00:00Z,emigrace,46,5
2020-02-01T00:00:00Z,migrant,27,12
2020-02-01T00:00:00Z,migranti,11,13
2020-02-01T00:00:00Z,imigrant,0,9
2020-02-01T00:00:00Z,imigranti,1,10
2020-02-01T00:00:00Z,uprchlík,38,18
2020-02-01T00:00:00Z,uprchlíci,3,17
2020-02-01T00:00:00Z,bìženky,0,4
2020-02-01T00:00:00Z,bìženci,0,3
2020-02-01T00:00:00Z,pøistìhovalec,0,15
2020-02-01T00:00:00Z,pøistìhovalci,0,14
2020-02-01T00:00:00Z,emigrant,15,6
2020-02-01T00:00:00Z,emigranti,0,7
2020-02-01T00:00:00Z,azylant,0,1
2020-02-01T00:00:00Z,azylanti,0,2
2020-02-01T00:00:00Z,uteèenci,0,19
2020-01-01T00:00:00Z,migrace,35,11
2020-01-01T00:00:00Z,imigrace,11,8
2020-01-01T00:00:00Z,pøistìhovalectví,0,16
2020-01-01T00:00:00Z,emigrace,31,5
2020-01-01T00:00:00Z,migrant,17,12
2020-01-01T00:00:00Z,migranti,24,13
2020-01-01T00:00:00Z,imigrant,27,9
2020-01-01T00:00:00Z,imigranti,0,10
2020-01-01T00:00:00Z,uprchlík,18,18
2020-01-01T00:00:00Z,uprchlíci,2,17
2020-01-01T00:00:00Z,bìženky,0,4
2020-01-01T00:00:00Z,bìženci,0,3
2020-01-01T00:00:00Z,pøistìhovalec,0,15
2020-01-01T00:00:00Z,pøistìhovalci,0,14
2020-01-01T00:00:00Z,emigrant,0,6
2020-01-01T00:00:00Z,emigranti,7,7
2020-01-01T00:00:00Z,azylant,56,1
2020-01-01T00:00:00Z,azylanti,0,2
2020-01-01T00:00:00Z,uteèenci,0,19
2019-12-01T00:00:00Z,migrace,33,11
2019-12-01T00:00:00Z,imigrace,26,8
2019-12-01T00:00:00Z,pøistìhovalectví,0,16
2019-12-01T00:00:00Z,emigrace,42,5
2019-12-01T00:00:00Z,migrant,19,12
2019-12-01T00:00:00Z,migranti,18,13
2019-12-01T00:00:00Z,imigrant,0,9
2019-12-01T00:00:00Z,imigranti,3,10
2019-12-01T00:00:00Z,uprchlík,10,18
2019-12-01T00:00:00Z,uprchlíci,1,17
2019-12-01T00:00:00Z,bìženky,0,4
2019-12-01T00:00:00Z,bìženci,0,3
2019-12-01T00:00:00Z,pøistìhovalec,0,15
2019-12-01T00:00:00Z,pøistìhovalci,32,14
2019-12-01T00:00:00Z,emigrant,17,6
2019-12-01T00:00:00Z,emigranti,0,7
2019-12-01T00:00:00Z,azylant,0,1
2019-12-01T00:00:00Z,azylanti,0,2
2019-12-01T00:00:00Z,uteèenci,0,19
2019-11-01T00:00:00Z,migrace,19,11
2019-11-01T00:00:00Z,imigrace,24,8
2019-11-01T00:00:00Z,pøistìhovalectví,0,16
2019-11-01T00:00:00Z,emigrace,34,5
2019-11-01T00:00:00Z,migrant,9,12
2019-11-01T00:00:00Z,migranti,11,13
2019-11-01T00:00:00Z,imigrant,17,9
2019-11-01T00:00:00Z,imigranti,1,10
2019-11-01T00:00:00Z,uprchlík,0,18
2019-11-01T00:00:00Z,uprchlíci,3,17
2019-11-01T00:00:00Z,bìženky,0,4
2019-11-01T00:00:00Z,bìženci,0,3
2019-11-01T00:00:00Z,pøistìhovalec,0,15
2019-11-01T00:00:00Z,pøistìhovalci,0,14
2019-11-01T00:00:00Z,emigrant,47,6
2019-11-01T00:00:00Z,emigranti,15,7
2019-11-01T00:00:00Z,azylant,0,1
2019-11-01T00:00:00Z,azylanti,0,2
2019-11-01T00:00:00Z,uteèenci,0,19
2019-10-01T00:00:00Z,migrace,49,11
2019-10-01T00:00:00Z,imigrace,13,8
2019-10-01T00:00:00Z,pøistìhovalectví,0,16
2019-10-01T00:00:00Z,emigrace,55,5
2019-10-01T00:00:00Z,migrant,19,12
2019-10-01T00:00:00Z,migranti,22,13
2019-10-01T00:00:00Z,imigrant,0,9
2019-10-01T00:00:00Z,imigranti,2,10
2019-10-01T00:00:00Z,uprchlík,30,18
2019-10-01T00:00:00Z,uprchlíci,1,17
2019-10-01T00:00:00Z,bìženky,0,4
2019-10-01T00:00:00Z,bìženci,0,3
2019-10-01T00:00:00Z,pøistìhovalec,0,15
2019-10-01T00:00:00Z,pøistìhovalci,31,14
2019-10-01T00:00:00Z,emigrant,65,6
2019-10-01T00:00:00Z,emigranti,0,7
2019-10-01T00:00:00Z,azylant,0,1
2019-10-01T00:00:00Z,azylanti,46,2
2019-10-01T00:00:00Z,uteèenci,0,19
2019-09-01T00:00:00Z,migrace,21,11
2019-09-01T00:00:00Z,imigrace,7,8
2019-09-01T00:00:00Z,pøistìhovalectví,0,16
2019-09-01T00:00:00Z,emigrace,8,5
2019-09-01T00:00:00Z,migrant,31,12
2019-09-01T00:00:00Z,migranti,17,13
2019-09-01T00:00:00Z,imigrant,0,9
2019-09-01T00:00:00Z,imigranti,2,10
2019-09-01T00:00:00Z,uprchlík,11,18
2019-09-01T00:00:00Z,uprchlíci,4,17
2019-09-01T00:00:00Z,bìženky,0,4
2019-09-01T00:00:00Z,bìženci,0,3
2019-09-01T00:00:00Z,pøistìhovalec,0,15
2019-09-01T00:00:00Z,pøistìhovalci,0,14
2019-09-01T00:00:00Z,emigrant,36,6
2019-09-01T00:00:00Z,emigranti,17,7
2019-09-01T00:00:00Z,azylant,0,1
2019-09-01T00:00:00Z,azylanti,0,2
2019-09-01T00:00:00Z,uteèenci,0,19
2019-08-01T00:00:00Z,migrace,19,11
2019-08-01T00:00:00Z,imigrace,0,8
2019-08-01T00:00:00Z,pøistìhovalectví,0,16
2019-08-01T00:00:00Z,emigrace,31,5
2019-08-01T00:00:00Z,migrant,32,12
2019-08-01T00:00:00Z,migranti,23,13
2019-08-01T00:00:00Z,imigrant,13,9
2019-08-01T00:00:00Z,imigranti,1,10
2019-08-01T00:00:00Z,uprchlík,34,18
2019-08-01T00:00:00Z,uprchlíci,2,17
2019-08-01T00:00:00Z,bìženky,100,4
2019-08-01T00:00:00Z,bìženci,0,3
2019-08-01T00:00:00Z,pøistìhovalec,0,15
2019-08-01T00:00:00Z,pøistìhovalci,0,14
2019-08-01T00:00:00Z,emigrant,18,6
2019-08-01T00:00:00Z,emigranti,27,7
2019-08-01T00:00:00Z,azylant,0,1
2019-08-01T00:00:00Z,azylanti,0,2
2019-08-01T00:00:00Z,uteèenci,0,19
2019-07-01T00:00:00Z,migrace,25,11
2019-07-01T00:00:00Z,imigrace,22,8
2019-07-01T00:00:00Z,pøistìhovalectví,0,16
2019-07-01T00:00:00Z,emigrace,8,5
2019-07-01T00:00:00Z,migrant,43,12
2019-07-01T00:00:00Z,migranti,28,13
2019-07-01T00:00:00Z,imigrant,14,9
2019-07-01T00:00:00Z,imigranti,2,10
2019-07-01T00:00:00Z,uprchlík,23,18
2019-07-01T00:00:00Z,uprchlíci,4,17
2019-07-01T00:00:00Z,bìženky,0,4
2019-07-01T00:00:00Z,bìženci,0,3
2019-07-01T00:00:00Z,pøistìhovalec,0,15
2019-07-01T00:00:00Z,pøistìhovalci,0,14
2019-07-01T00:00:00Z,emigrant,19,6
2019-07-01T00:00:00Z,emigranti,9,7
2019-07-01T00:00:00Z,azylant,0,1
2019-07-01T00:00:00Z,azylanti,0,2
2019-07-01T00:00:00Z,uteèenci,0,19
2019-06-01T00:00:00Z,migrace,20,11
2019-06-01T00:00:00Z,imigrace,7,8
2019-06-01T00:00:00Z,pøistìhovalectví,0,16
2019-06-01T00:00:00Z,emigrace,32,5
2019-06-01T00:00:00Z,migrant,22,12
2019-06-01T00:00:00Z,migranti,5,13
2019-06-01T00:00:00Z,imigrant,21,9
2019-06-01T00:00:00Z,imigranti,1,10
2019-06-01T00:00:00Z,uprchlík,12,18
2019-06-01T00:00:00Z,uprchlíci,4,17
2019-06-01T00:00:00Z,bìženky,0,4
2019-06-01T00:00:00Z,bìženci,0,3
2019-06-01T00:00:00Z,pøistìhovalec,0,15
2019-06-01T00:00:00Z,pøistìhovalci,0,14
2019-06-01T00:00:00Z,emigrant,19,6
2019-06-01T00:00:00Z,emigranti,0,7
2019-06-01T00:00:00Z,azylant,0,1
2019-06-01T00:00:00Z,azylanti,0,2
2019-06-01T00:00:00Z,uteèenci,0,19
2019-05-01T00:00:00Z,migrace,25,11
2019-05-01T00:00:00Z,imigrace,7,8
2019-05-01T00:00:00Z,pøistìhovalectví,0,16
2019-05-01T00:00:00Z,emigrace,22,5
2019-05-01T00:00:00Z,migrant,20,12
2019-05-01T00:00:00Z,migranti,19,13
2019-05-01T00:00:00Z,imigrant,0,9
2019-05-01T00:00:00Z,imigranti,3,10
2019-05-01T00:00:00Z,uprchlík,11,18
2019-05-01T00:00:00Z,uprchlíci,3,17
2019-05-01T00:00:00Z,bìženky,0,4
2019-05-01T00:00:00Z,bìženci,0,3
2019-05-01T00:00:00Z,pøistìhovalec,0,15
2019-05-01T00:00:00Z,pøistìhovalci,0,14
2019-05-01T00:00:00Z,emigrant,35,6
2019-05-01T00:00:00Z,emigranti,0,7
2019-05-01T00:00:00Z,azylant,0,1
2019-05-01T00:00:00Z,azylanti,49,2
2019-05-01T00:00:00Z,uteèenci,0,19
2019-04-01T00:00:00Z,migrace,38,11
2019-04-01T00:00:00Z,imigrace,15,8
2019-04-01T00:00:00Z,pøistìhovalectví,0,16
2019-04-01T00:00:00Z,emigrace,24,5
2019-04-01T00:00:00Z,migrant,33,12
2019-04-01T00:00:00Z,migranti,10,13
2019-04-01T00:00:00Z,imigrant,21,9
2019-04-01T00:00:00Z,imigranti,1,10
2019-04-01T00:00:00Z,uprchlík,12,18
2019-04-01T00:00:00Z,uprchlíci,3,17
2019-04-01T00:00:00Z,bìženky,0,4
2019-04-01T00:00:00Z,bìženci,0,3
2019-04-01T00:00:00Z,pøistìhovalec,0,15
2019-04-01T00:00:00Z,pøistìhovalci,37,14
2019-04-01T00:00:00Z,emigrant,19,6
2019-04-01T00:00:00Z,emigranti,0,7
2019-04-01T00:00:00Z,azylant,73,1
2019-04-01T00:00:00Z,azylanti,0,2
2019-04-01T00:00:00Z,uteèenci,0,19
2019-03-01T00:00:00Z,migrace,24,11
2019-03-01T00:00:00Z,imigrace,0,8
2019-03-01T00:00:00Z,pøistìhovalectví,0,16
2019-03-01T00:00:00Z,emigrace,45,5
2019-03-01T00:00:00Z,migrant,0,12
2019-03-01T00:00:00Z,migranti,7,13
2019-03-01T00:00:00Z,imigrant,6,9
2019-03-01T00:00:00Z,imigranti,1,10
2019-03-01T00:00:00Z,uprchlík,11,18
2019-03-01T00:00:00Z,uprchlíci,4,17
2019-03-01T00:00:00Z,bìženky,0,4
2019-03-01T00:00:00Z,bìženci,0,3
2019-03-01T00:00:00Z,pøistìhovalec,0,15
2019-03-01T00:00:00Z,pøistìhovalci,0,14
2019-03-01T00:00:00Z,emigrant,18,6
2019-03-01T00:00:00Z,emigranti,0,7
2019-03-01T00:00:00Z,azylant,0,1
2019-03-01T00:00:00Z,azylanti,0,2
2019-03-01T00:00:00Z,uteèenci,9,19
2019-02-01T00:00:00Z,migrace,31,11
2019-02-01T00:00:00Z,imigrace,15,8
2019-02-01T00:00:00Z,pøistìhovalectví,0,16
2019-02-01T00:00:00Z,emigrace,41,5
2019-02-01T00:00:00Z,migrant,0,12
2019-02-01T00:00:00Z,migranti,19,13
2019-02-01T00:00:00Z,imigrant,0,9
2019-02-01T00:00:00Z,imigranti,3,10
2019-02-01T00:00:00Z,uprchlík,12,18
2019-02-01T00:00:00Z,uprchlíci,2,17
2019-02-01T00:00:00Z,bìženky,0,4
2019-02-01T00:00:00Z,bìženci,0,3
2019-02-01T00:00:00Z,pøistìhovalec,0,15
2019-02-01T00:00:00Z,pøistìhovalci,0,14
2019-02-01T00:00:00Z,emigrant,19,6
2019-02-01T00:00:00Z,emigranti,9,7
2019-02-01T00:00:00Z,azylant,0,1
2019-02-01T00:00:00Z,azylanti,0,2
2019-02-01T00:00:00Z,uteèenci,0,19
2019-01-01T00:00:00Z,migrace,28,11
2019-01-01T00:00:00Z,imigrace,7,8
2019-01-01T00:00:00Z,pøistìhovalectví,0,16
2019-01-01T00:00:00Z,emigrace,22,5
2019-01-01T00:00:00Z,migrant,0,12
2019-01-01T00:00:00Z,migranti,10,13
2019-01-01T00:00:00Z,imigrant,6,9
2019-01-01T00:00:00Z,imigranti,1,10
2019-01-01T00:00:00Z,uprchlík,21,18
2019-01-01T00:00:00Z,uprchlíci,4,17
2019-01-01T00:00:00Z,bìženky,0,4
2019-01-01T00:00:00Z,bìženci,0,3
2019-01-01T00:00:00Z,pøistìhovalec,0,15
2019-01-01T00:00:00Z,pøistìhovalci,0,14
2019-01-01T00:00:00Z,emigrant,18,6
2019-01-01T00:00:00Z,emigranti,8,7
2019-01-01T00:00:00Z,azylant,0,1
2019-01-01T00:00:00Z,azylanti,100,2
2019-01-01T00:00:00Z,uteèenci,9,19
2018-12-01T00:00:00Z,migrace,40,11
2018-12-01T00:00:00Z,imigrace,7,8
2018-12-01T00:00:00Z,pøistìhovalectví,0,16
2018-12-01T00:00:00Z,emigrace,32,5
2018-12-01T00:00:00Z,migrant,44,12
2018-12-01T00:00:00Z,migranti,8,13
2018-12-01T00:00:00Z,imigrant,0,9
2018-12-01T00:00:00Z,imigranti,1,10
2018-12-01T00:00:00Z,uprchlík,35,18
2018-12-01T00:00:00Z,uprchlíci,4,17
2018-12-01T00:00:00Z,bìženky,0,4
2018-12-01T00:00:00Z,bìženci,0,3
2018-12-01T00:00:00Z,pøistìhovalec,0,15
2018-12-01T00:00:00Z,pøistìhovalci,0,14
2018-12-01T00:00:00Z,emigrant,19,6
2018-12-01T00:00:00Z,emigranti,0,7
2018-12-01T00:00:00Z,azylant,0,1
2018-12-01T00:00:00Z,azylanti,0,2
2018-12-01T00:00:00Z,uteèenci,0,19
2018-11-01T00:00:00Z,migrace,36,11
2018-11-01T00:00:00Z,imigrace,7,8
2018-11-01T00:00:00Z,pøistìhovalectví,0,16
2018-11-01T00:00:00Z,emigrace,15,5
2018-11-01T00:00:00Z,migrant,10,12
2018-11-01T00:00:00Z,migranti,10,13
2018-11-01T00:00:00Z,imigrant,0,9
2018-11-01T00:00:00Z,imigranti,4,10
2018-11-01T00:00:00Z,uprchlík,100,18
2018-11-01T00:00:00Z,uprchlíci,3,17
2018-11-01T00:00:00Z,bìženky,0,4
2018-11-01T00:00:00Z,bìženci,0,3
2018-11-01T00:00:00Z,pøistìhovalec,0,15
2018-11-01T00:00:00Z,pøistìhovalci,0,14
2018-11-01T00:00:00Z,emigrant,0,6
2018-11-01T00:00:00Z,emigranti,9,7
2018-11-01T00:00:00Z,azylant,0,1
2018-11-01T00:00:00Z,azylanti,52,2
2018-11-01T00:00:00Z,uteèenci,9,19
2018-10-01T00:00:00Z,migrace,26,11
2018-10-01T00:00:00Z,imigrace,34,8
2018-10-01T00:00:00Z,pøistìhovalectví,0,16
2018-10-01T00:00:00Z,emigrace,53,5
2018-10-01T00:00:00Z,migrant,41,12
2018-10-01T00:00:00Z,migranti,27,13
2018-10-01T00:00:00Z,imigrant,32,9
2018-10-01T00:00:00Z,imigranti,2,10
2018-10-01T00:00:00Z,uprchlík,43,18
2018-10-01T00:00:00Z,uprchlíci,4,17
2018-10-01T00:00:00Z,bìženky,0,4
2018-10-01T00:00:00Z,bìženci,0,3
2018-10-01T00:00:00Z,pøistìhovalec,69,15
2018-10-01T00:00:00Z,pøistìhovalci,0,14
2018-10-01T00:00:00Z,emigrant,18,6
2018-10-01T00:00:00Z,emigranti,0,7
2018-10-01T00:00:00Z,azylant,0,1
2018-10-01T00:00:00Z,azylanti,0,2
2018-10-01T00:00:00Z,uteèenci,0,19
2018-09-01T00:00:00Z,migrace,41,11
2018-09-01T00:00:00Z,imigrace,7,8
2018-09-01T00:00:00Z,pøistìhovalectví,0,16
2018-09-01T00:00:00Z,emigrace,16,5
2018-09-01T00:00:00Z,migrant,33,12
2018-09-01T00:00:00Z,migranti,24,13
2018-09-01T00:00:00Z,imigrant,14,9
2018-09-01T00:00:00Z,imigranti,2,10
2018-09-01T00:00:00Z,uprchlík,83,18
2018-09-01T00:00:00Z,uprchlíci,5,17
2018-09-01T00:00:00Z,bìženky,0,4
2018-09-01T00:00:00Z,bìženci,0,3
2018-09-01T00:00:00Z,pøistìhovalec,0,15
2018-09-01T00:00:00Z,pøistìhovalci,37,14
2018-09-01T00:00:00Z,emigrant,0,6
2018-09-01T00:00:00Z,emigranti,0,7
2018-09-01T00:00:00Z,azylant,0,1
2018-09-01T00:00:00Z,azylanti,0,2
2018-09-01T00:00:00Z,uteèenci,10,19
2018-08-01T00:00:00Z,migrace,33,11
2018-08-01T00:00:00Z,imigrace,7,8
2018-08-01T00:00:00Z,pøistìhovalectví,0,16
2018-08-01T00:00:00Z,emigrace,49,5
2018-08-01T00:00:00Z,migrant,0,12
2018-08-01T00:00:00Z,migranti,34,13
2018-08-01T00:00:00Z,imigrant,7,9
2018-08-01T00:00:00Z,imigranti,3,10
2018-08-01T00:00:00Z,uprchlík,23,18
2018-08-01T00:00:00Z,uprchlíci,6,17
2018-08-01T00:00:00Z,bìženky,0,4
2018-08-01T00:00:00Z,bìženci,11,3
2018-08-01T00:00:00Z,pøistìhovalec,0,15
2018-08-01T00:00:00Z,pøistìhovalci,0,14
2018-08-01T00:00:00Z,emigrant,0,6
2018-08-01T00:00:00Z,emigranti,9,7
2018-08-01T00:00:00Z,azylant,0,1
2018-08-01T00:00:00Z,azylanti,0,2
2018-08-01T00:00:00Z,uteèenci,0,19
2018-07-01T00:00:00Z,migrace,18,11
2018-07-01T00:00:00Z,imigrace,0,8
2018-07-01T00:00:00Z,pøistìhovalectví,0,16
2018-07-01T00:00:00Z,emigrace,34,5
2018-07-01T00:00:00Z,migrant,45,12
2018-07-01T00:00:00Z,migranti,41,13
2018-07-01T00:00:00Z,imigrant,22,9
2018-07-01T00:00:00Z,imigranti,6,10
2018-07-01T00:00:00Z,uprchlík,36,18
2018-07-01T00:00:00Z,uprchlíci,7,17
2018-07-01T00:00:00Z,bìženky,72,4
2018-07-01T00:00:00Z,bìženci,6,3
2018-07-01T00:00:00Z,pøistìhovalec,0,15
2018-07-01T00:00:00Z,pøistìhovalci,0,14
2018-07-01T00:00:00Z,emigrant,40,6
2018-07-01T00:00:00Z,emigranti,19,7
2018-07-01T00:00:00Z,azylant,0,1
2018-07-01T00:00:00Z,azylanti,0,2
2018-07-01T00:00:00Z,uteèenci,0,19
2018-06-01T00:00:00Z,migrace,18,11
2018-06-01T00:00:00Z,imigrace,0,8
2018-06-01T00:00:00Z,pøistìhovalectví,0,16
2018-06-01T00:00:00Z,emigrace,8,5
2018-06-01T00:00:00Z,migrant,0,12
2018-06-01T00:00:00Z,migranti,38,13
2018-06-01T00:00:00Z,imigrant,14,9
2018-06-01T00:00:00Z,imigranti,0,10
2018-06-01T00:00:00Z,uprchlík,36,18
2018-06-01T00:00:00Z,uprchlíci,7,17
2018-06-01T00:00:00Z,bìženky,0,4
2018-06-01T00:00:00Z,bìženci,0,3
2018-06-01T00:00:00Z,pøistìhovalec,0,15
2018-06-01T00:00:00Z,pøistìhovalci,0,14
2018-06-01T00:00:00Z,emigrant,20,6
2018-06-01T00:00:00Z,emigranti,0,7
2018-06-01T00:00:00Z,azylant,0,1
2018-06-01T00:00:00Z,azylanti,0,2
2018-06-01T00:00:00Z,uteèenci,0,19
2018-05-01T00:00:00Z,migrace,22,11
2018-05-01T00:00:00Z,imigrace,7,8
2018-05-01T00:00:00Z,pøistìhovalectví,0,16
2018-05-01T00:00:00Z,emigrace,23,5
2018-05-01T00:00:00Z,migrant,32,12
2018-05-01T00:00:00Z,migranti,15,13
2018-05-01T00:00:00Z,imigrant,40,9
2018-05-01T00:00:00Z,imigranti,3,10
2018-05-01T00:00:00Z,uprchlík,22,18
2018-05-01T00:00:00Z,uprchlíci,3,17
2018-05-01T00:00:00Z,bìženky,0,4
2018-05-01T00:00:00Z,bìženci,0,3
2018-05-01T00:00:00Z,pøistìhovalec,0,15
2018-05-01T00:00:00Z,pøistìhovalci,0,14
2018-05-01T00:00:00Z,emigrant,74,6
2018-05-01T00:00:00Z,emigranti,0,7
2018-05-01T00:00:00Z,azylant,0,1
2018-05-01T00:00:00Z,azylanti,0,2
2018-05-01T00:00:00Z,uteèenci,0,19
2018-04-01T00:00:00Z,migrace,47,11
2018-04-01T00:00:00Z,imigrace,8,8
2018-04-01T00:00:00Z,pøistìhovalectví,0,16
2018-04-01T00:00:00Z,emigrace,33,5
2018-04-01T00:00:00Z,migrant,23,12
2018-04-01T00:00:00Z,migranti,14,13
2018-04-01T00:00:00Z,imigrant,21,9
2018-04-01T00:00:00Z,imigranti,4,10
2018-04-01T00:00:00Z,uprchlík,0,18
2018-04-01T00:00:00Z,uprchlíci,3,17
2018-04-01T00:00:00Z,bìženky,0,4
2018-04-01T00:00:00Z,bìženci,0,3
2018-04-01T00:00:00Z,pøistìhovalec,0,15
2018-04-01T00:00:00Z,pøistìhovalci,38,14
2018-04-01T00:00:00Z,emigrant,20,6
2018-04-01T00:00:00Z,emigranti,19,7
2018-04-01T00:00:00Z,azylant,0,1
2018-04-01T00:00:00Z,azylanti,0,2
2018-04-01T00:00:00Z,uteèenci,0,19
2018-03-01T00:00:00Z,migrace,34,11
2018-03-01T00:00:00Z,imigrace,0,8
2018-03-01T00:00:00Z,pøistìhovalectví,0,16
2018-03-01T00:00:00Z,emigrace,46,5
2018-03-01T00:00:00Z,migrant,31,12
2018-03-01T00:00:00Z,migranti,13,13
2018-03-01T00:00:00Z,imigrant,7,9
2018-03-01T00:00:00Z,imigranti,4,10
2018-03-01T00:00:00Z,uprchlík,22,18
2018-03-01T00:00:00Z,uprchlíci,3,17
2018-03-01T00:00:00Z,bìženky,0,4
2018-03-01T00:00:00Z,bìženci,0,3
2018-03-01T00:00:00Z,pøistìhovalec,0,15
2018-03-01T00:00:00Z,pøistìhovalci,35,14
2018-03-01T00:00:00Z,emigrant,0,6
2018-03-01T00:00:00Z,emigranti,0,7
2018-03-01T00:00:00Z,azylant,0,1
2018-03-01T00:00:00Z,azylanti,0,2
2018-03-01T00:00:00Z,uteèenci,0,19
2018-02-01T00:00:00Z,migrace,36,11
2018-02-01T00:00:00Z,imigrace,15,8
2018-02-01T00:00:00Z,pøistìhovalectví,0,16
2018-02-01T00:00:00Z,emigrace,100,5
2018-02-01T00:00:00Z,migrant,56,12
2018-02-01T00:00:00Z,migranti,11,13
2018-02-01T00:00:00Z,imigrant,21,9
2018-02-01T00:00:00Z,imigranti,5,10
2018-02-01T00:00:00Z,uprchlík,0,18
2018-02-01T00:00:00Z,uprchlíci,6,17
2018-02-01T00:00:00Z,bìženky,0,4
2018-02-01T00:00:00Z,bìženci,0,3
2018-02-01T00:00:00Z,pøistìhovalec,76,15
2018-02-01T00:00:00Z,pøistìhovalci,0,14
2018-02-01T00:00:00Z,emigrant,20,6
2018-02-01T00:00:00Z,emigranti,9,7
2018-02-01T00:00:00Z,azylant,0,1
2018-02-01T00:00:00Z,azylanti,0,2
2018-02-01T00:00:00Z,uteèenci,0,19
2018-01-01T00:00:00Z,migrace,100,11
2018-01-01T00:00:00Z,imigrace,62,8
2018-01-01T00:00:00Z,pøistìhovalectví,64,16
2018-01-01T00:00:00Z,emigrace,38,5
2018-01-01T00:00:00Z,migrant,51,12
2018-01-01T00:00:00Z,migranti,54,13
2018-01-01T00:00:00Z,imigrant,20,9
2018-01-01T00:00:00Z,imigranti,11,10
2018-01-01T00:00:00Z,uprchlík,55,18
2018-01-01T00:00:00Z,uprchlíci,17,17
2018-01-01T00:00:00Z,bìženky,0,4
2018-01-01T00:00:00Z,bìženci,0,3
2018-01-01T00:00:00Z,pøistìhovalec,0,15
2018-01-01T00:00:00Z,pøistìhovalci,0,14
2018-01-01T00:00:00Z,emigrant,36,6
2018-01-01T00:00:00Z,emigranti,17,7
2018-01-01T00:00:00Z,azylant,0,1
2018-01-01T00:00:00Z,azylanti,0,2
2018-01-01T00:00:00Z,uteèenci,9,19
2017-12-01T00:00:00Z,migrace,38,11
2017-12-01T00:00:00Z,imigrace,16,8
2017-12-01T00:00:00Z,pøistìhovalectví,0,16
2017-12-01T00:00:00Z,emigrace,43,5
2017-12-01T00:00:00Z,migrant,35,12
2017-12-01T00:00:00Z,migranti,20,13
2017-12-01T00:00:00Z,imigrant,7,9
2017-12-01T00:00:00Z,imigranti,1,10
2017-12-01T00:00:00Z,uprchlík,0,18
2017-12-01T00:00:00Z,uprchlíci,6,17
2017-12-01T00:00:00Z,bìženky,0,4
2017-12-01T00:00:00Z,bìženci,0,3
2017-12-01T00:00:00Z,pøistìhovalec,0,15
2017-12-01T00:00:00Z,pøistìhovalci,39,14
2017-12-01T00:00:00Z,emigrant,0,6
2017-12-01T00:00:00Z,emigranti,10,7
2017-12-01T00:00:00Z,azylant,0,1
2017-12-01T00:00:00Z,azylanti,0,2
2017-12-01T00:00:00Z,uteèenci,0,19
2017-11-01T00:00:00Z,migrace,28,11
2017-11-01T00:00:00Z,imigrace,22,8
2017-11-01T00:00:00Z,pøistìhovalectví,0,16
2017-11-01T00:00:00Z,emigrace,24,5
2017-11-01T00:00:00Z,migrant,22,12
2017-11-01T00:00:00Z,migranti,24,13
2017-11-01T00:00:00Z,imigrant,7,9
2017-11-01T00:00:00Z,imigranti,1,10
2017-11-01T00:00:00Z,uprchlík,35,18
2017-11-01T00:00:00Z,uprchlíci,3,17
2017-11-01T00:00:00Z,bìženky,0,4
2017-11-01T00:00:00Z,bìženci,5,3
2017-11-01T00:00:00Z,pøistìhovalec,0,15
2017-11-01T00:00:00Z,pøistìhovalci,0,14
2017-11-01T00:00:00Z,emigrant,0,6
2017-11-01T00:00:00Z,emigranti,9,7
2017-11-01T00:00:00Z,azylant,74,1
2017-11-01T00:00:00Z,azylanti,0,2
2017-11-01T00:00:00Z,uteèenci,0,19
2017-10-01T00:00:00Z,migrace,49,11
2017-10-01T00:00:00Z,imigrace,30,8
2017-10-01T00:00:00Z,pøistìhovalectví,0,16
2017-10-01T00:00:00Z,emigrace,58,5
2017-10-01T00:00:00Z,migrant,44,12
2017-10-01T00:00:00Z,migranti,37,13
2017-10-01T00:00:00Z,imigrant,14,9
2017-10-01T00:00:00Z,imigranti,6,10
2017-10-01T00:00:00Z,uprchlík,24,18
2017-10-01T00:00:00Z,uprchlíci,8,17
2017-10-01T00:00:00Z,bìženky,0,4
2017-10-01T00:00:00Z,bìženci,0,3
2017-10-01T00:00:00Z,pøistìhovalec,0,15
2017-10-01T00:00:00Z,pøistìhovalci,0,14
2017-10-01T00:00:00Z,emigrant,39,6
2017-10-01T00:00:00Z,emigranti,9,7
2017-10-01T00:00:00Z,azylant,75,1
2017-10-01T00:00:00Z,azylanti,55,2
2017-10-01T00:00:00Z,uteèenci,10,19
2017-09-01T00:00:00Z,migrace,52,11
2017-09-01T00:00:00Z,imigrace,8,8
2017-09-01T00:00:00Z,pøistìhovalectví,0,16
2017-09-01T00:00:00Z,emigrace,9,5
2017-09-01T00:00:00Z,migrant,37,12
2017-09-01T00:00:00Z,migranti,21,13
2017-09-01T00:00:00Z,imigrant,8,9
2017-09-01T00:00:00Z,imigranti,4,10
2017-09-01T00:00:00Z,uprchlík,13,18
2017-09-01T00:00:00Z,uprchlíci,5,17
2017-09-01T00:00:00Z,bìženky,0,4
2017-09-01T00:00:00Z,bìženci,0,3
2017-09-01T00:00:00Z,pøistìhovalec,0,15
2017-09-01T00:00:00Z,pøistìhovalci,0,14
2017-09-01T00:00:00Z,emigrant,22,6
2017-09-01T00:00:00Z,emigranti,0,7
2017-09-01T00:00:00Z,azylant,84,1
2017-09-01T00:00:00Z,azylanti,0,2
2017-09-01T00:00:00Z,uteèenci,11,19
2017-08-01T00:00:00Z,migrace,21,11
2017-08-01T00:00:00Z,imigrace,26,8
2017-08-01T00:00:00Z,pøistìhovalectví,0,16
2017-08-01T00:00:00Z,emigrace,0,5
2017-08-01T00:00:00Z,migrant,26,12
2017-08-01T00:00:00Z,migranti,25,13
2017-08-01T00:00:00Z,imigrant,8,9
2017-08-01T00:00:00Z,imigranti,5,10
2017-08-01T00:00:00Z,uprchlík,41,18
2017-08-01T00:00:00Z,uprchlíci,9,17
2017-08-01T00:00:00Z,bìženky,0,4
2017-08-01T00:00:00Z,bìženci,0,3
2017-08-01T00:00:00Z,pøistìhovalec,0,15
2017-08-01T00:00:00Z,pøistìhovalci,0,14
2017-08-01T00:00:00Z,emigrant,0,6
2017-08-01T00:00:00Z,emigranti,0,7
2017-08-01T00:00:00Z,azylant,0,1
2017-08-01T00:00:00Z,azylanti,64,2
2017-08-01T00:00:00Z,uteèenci,11,19
2017-07-01T00:00:00Z,migrace,29,11
2017-07-01T00:00:00Z,imigrace,37,8
2017-07-01T00:00:00Z,pøistìhovalectví,0,16
2017-07-01T00:00:00Z,emigrace,41,5
2017-07-01T00:00:00Z,migrant,14,12
2017-07-01T00:00:00Z,migranti,30,13
2017-07-01T00:00:00Z,imigrant,9,9
2017-07-01T00:00:00Z,imigranti,9,10
2017-07-01T00:00:00Z,uprchlík,15,18
2017-07-01T00:00:00Z,uprchlíci,9,17
2017-07-01T00:00:00Z,bìženky,0,4
2017-07-01T00:00:00Z,bìženci,0,3
2017-07-01T00:00:00Z,pøistìhovalec,0,15
2017-07-01T00:00:00Z,pøistìhovalci,46,14
2017-07-01T00:00:00Z,emigrant,48,6
2017-07-01T00:00:00Z,emigranti,0,7
2017-07-01T00:00:00Z,azylant,0,1
2017-07-01T00:00:00Z,azylanti,0,2
2017-07-01T00:00:00Z,uteèenci,0,19
2017-06-01T00:00:00Z,migrace,18,11
2017-06-01T00:00:00Z,imigrace,18,8
2017-06-01T00:00:00Z,pøistìhovalectví,0,16
2017-06-01T00:00:00Z,emigrace,59,5
2017-06-01T00:00:00Z,migrant,27,12
2017-06-01T00:00:00Z,migranti,19,13
2017-06-01T00:00:00Z,imigrant,25,9
2017-06-01T00:00:00Z,imigranti,7,10
2017-06-01T00:00:00Z,uprchlík,0,18
2017-06-01T00:00:00Z,uprchlíci,5,17
2017-06-01T00:00:00Z,bìženky,0,4
2017-06-01T00:00:00Z,bìženci,7,3
2017-06-01T00:00:00Z,pøistìhovalec,0,15
2017-06-01T00:00:00Z,pøistìhovalci,0,14
2017-06-01T00:00:00Z,emigrant,0,6
2017-06-01T00:00:00Z,emigranti,0,7
2017-06-01T00:00:00Z,azylant,90,1
2017-06-01T00:00:00Z,azylanti,0,2
2017-06-01T00:00:00Z,uteèenci,0,19
2017-05-01T00:00:00Z,migrace,28,11
2017-05-01T00:00:00Z,imigrace,16,8
2017-05-01T00:00:00Z,pøistìhovalectví,0,16
2017-05-01T00:00:00Z,emigrace,18,5
2017-05-01T00:00:00Z,migrant,24,12
2017-05-01T00:00:00Z,migranti,12,13
2017-05-01T00:00:00Z,imigrant,0,9
2017-05-01T00:00:00Z,imigranti,5,10
2017-05-01T00:00:00Z,uprchlík,13,18
2017-05-01T00:00:00Z,uprchlíci,4,17
2017-05-01T00:00:00Z,bìženky,0,4
2017-05-01T00:00:00Z,bìženci,0,3
2017-05-01T00:00:00Z,pøistìhovalec,0,15
2017-05-01T00:00:00Z,pøistìhovalci,0,14
2017-05-01T00:00:00Z,emigrant,0,6
2017-05-01T00:00:00Z,emigranti,0,7
2017-05-01T00:00:00Z,azylant,82,1
2017-05-01T00:00:00Z,azylanti,61,2
2017-05-01T00:00:00Z,uteèenci,0,19
2017-04-01T00:00:00Z,migrace,47,11
2017-04-01T00:00:00Z,imigrace,24,8
2017-04-01T00:00:00Z,pøistìhovalectví,0,16
2017-04-01T00:00:00Z,emigrace,27,5
2017-04-01T00:00:00Z,migrant,24,12
2017-04-01T00:00:00Z,migranti,17,13
2017-04-01T00:00:00Z,imigrant,23,9
2017-04-01T00:00:00Z,imigranti,3,10
2017-04-01T00:00:00Z,uprchlík,13,18
2017-04-01T00:00:00Z,uprchlíci,5,17
2017-04-01T00:00:00Z,bìženky,0,4
2017-04-01T00:00:00Z,bìženci,0,3
2017-04-01T00:00:00Z,pøistìhovalec,0,15
2017-04-01T00:00:00Z,pøistìhovalci,0,14
2017-04-01T00:00:00Z,emigrant,21,6
2017-04-01T00:00:00Z,emigranti,0,7
2017-04-01T00:00:00Z,azylant,0,1
2017-04-01T00:00:00Z,azylanti,0,2
2017-04-01T00:00:00Z,uteèenci,0,19
2017-03-01T00:00:00Z,migrace,39,11
2017-03-01T00:00:00Z,imigrace,31,8
2017-03-01T00:00:00Z,pøistìhovalectví,0,16
2017-03-01T00:00:00Z,emigrace,8,5
2017-03-01T00:00:00Z,migrant,23,12
2017-03-01T00:00:00Z,migranti,16,13
2017-03-01T00:00:00Z,imigrant,36,9
2017-03-01T00:00:00Z,imigranti,6,10
2017-03-01T00:00:00Z,uprchlík,12,18
2017-03-01T00:00:00Z,uprchlíci,7,17
2017-03-01T00:00:00Z,bìženky,72,4
2017-03-01T00:00:00Z,bìženci,6,3
2017-03-01T00:00:00Z,pøistìhovalec,0,15
2017-03-01T00:00:00Z,pøistìhovalci,0,14
2017-03-01T00:00:00Z,emigrant,20,6
2017-03-01T00:00:00Z,emigranti,29,7
2017-03-01T00:00:00Z,azylant,0,1
2017-03-01T00:00:00Z,azylanti,0,2
2017-03-01T00:00:00Z,uteèenci,0,19
2017-02-01T00:00:00Z,migrace,54,11
2017-02-01T00:00:00Z,imigrace,26,8
2017-02-01T00:00:00Z,pøistìhovalectví,0,16
2017-02-01T00:00:00Z,emigrace,48,5
2017-02-01T00:00:00Z,migrant,52,12
2017-02-01T00:00:00Z,migranti,22,13
2017-02-01T00:00:00Z,imigrant,8,9
2017-02-01T00:00:00Z,imigranti,3,10
2017-02-01T00:00:00Z,uprchlík,0,18
2017-02-01T00:00:00Z,uprchlíci,2,17
2017-02-01T00:00:00Z,bìženky,0,4
2017-02-01T00:00:00Z,bìženci,0,3
2017-02-01T00:00:00Z,pøistìhovalec,0,15
2017-02-01T00:00:00Z,pøistìhovalci,0,14
2017-02-01T00:00:00Z,emigrant,23,6
2017-02-01T00:00:00Z,emigranti,0,7
2017-02-01T00:00:00Z,azylant,0,1
2017-02-01T00:00:00Z,azylanti,0,2
2017-02-01T00:00:00Z,uteèenci,0,19
2017-01-01T00:00:00Z,migrace,54,11
2017-01-01T00:00:00Z,imigrace,24,8
2017-01-01T00:00:00Z,pøistìhovalectví,73,16
2017-01-01T00:00:00Z,emigrace,52,5
2017-01-01T00:00:00Z,migrant,23,12
2017-01-01T00:00:00Z,migranti,31,13
2017-01-01T00:00:00Z,imigrant,15,9
2017-01-01T00:00:00Z,imigranti,5,10
2017-01-01T00:00:00Z,uprchlík,62,18
2017-01-01T00:00:00Z,uprchlíci,8,17
2017-01-01T00:00:00Z,bìženky,0,4
2017-01-01T00:00:00Z,bìženci,6,3
2017-01-01T00:00:00Z,pøistìhovalec,0,15
2017-01-01T00:00:00Z,pøistìhovalci,39,14
2017-01-01T00:00:00Z,emigrant,20,6
2017-01-01T00:00:00Z,emigranti,0,7
2017-01-01T00:00:00Z,azylant,78,1
2017-01-01T00:00:00Z,azylanti,0,2
2017-01-01T00:00:00Z,uteèenci,0,19
2016-12-01T00:00:00Z,migrace,47,11
2016-12-01T00:00:00Z,imigrace,26,8
2016-12-01T00:00:00Z,pøistìhovalectví,0,16
2016-12-01T00:00:00Z,emigrace,19,5
2016-12-01T00:00:00Z,migrant,25,12
2016-12-01T00:00:00Z,migranti,18,13
2016-12-01T00:00:00Z,imigrant,48,9
2016-12-01T00:00:00Z,imigranti,7,10
2016-12-01T00:00:00Z,uprchlík,27,18
2016-12-01T00:00:00Z,uprchlíci,6,17
2016-12-01T00:00:00Z,bìženky,0,4
2016-12-01T00:00:00Z,bìženci,0,3
2016-12-01T00:00:00Z,pøistìhovalec,0,15
2016-12-01T00:00:00Z,pøistìhovalci,85,14
2016-12-01T00:00:00Z,emigrant,22,6
2016-12-01T00:00:00Z,emigranti,11,7
2016-12-01T00:00:00Z,azylant,0,1
2016-12-01T00:00:00Z,azylanti,0,2
2016-12-01T00:00:00Z,uteèenci,0,19
2016-11-01T00:00:00Z,migrace,56,11
2016-11-01T00:00:00Z,imigrace,9,8
2016-11-01T00:00:00Z,pøistìhovalectví,0,16
2016-11-01T00:00:00Z,emigrace,47,5
2016-11-01T00:00:00Z,migrant,25,12
2016-11-01T00:00:00Z,migranti,18,13
2016-11-01T00:00:00Z,imigrant,24,9
2016-11-01T00:00:00Z,imigranti,5,10
2016-11-01T00:00:00Z,uprchlík,14,18
2016-11-01T00:00:00Z,uprchlíci,5,17
2016-11-01T00:00:00Z,bìženky,0,4
2016-11-01T00:00:00Z,bìženci,0,3
2016-11-01T00:00:00Z,pøistìhovalec,0,15
2016-11-01T00:00:00Z,pøistìhovalci,43,14
2016-11-01T00:00:00Z,emigrant,22,6
2016-11-01T00:00:00Z,emigranti,0,7
2016-11-01T00:00:00Z,azylant,0,1
2016-11-01T00:00:00Z,azylanti,0,2
2016-11-01T00:00:00Z,uteèenci,11,19
2016-10-01T00:00:00Z,migrace,36,11
2016-10-01T00:00:00Z,imigrace,52,8
2016-10-01T00:00:00Z,pøistìhovalectví,0,16
2016-10-01T00:00:00Z,emigrace,10,5
2016-10-01T00:00:00Z,migrant,13,12
2016-10-01T00:00:00Z,migranti,19,13
2016-10-01T00:00:00Z,imigrant,8,9
2016-10-01T00:00:00Z,imigranti,12,10
2016-10-01T00:00:00Z,uprchlík,14,18
2016-10-01T00:00:00Z,uprchlíci,10,17
2016-10-01T00:00:00Z,bìženky,0,4
2016-10-01T00:00:00Z,bìženci,0,3
2016-10-01T00:00:00Z,pøistìhovalec,0,15
2016-10-01T00:00:00Z,pøistìhovalci,44,14
2016-10-01T00:00:00Z,emigrant,0,6
2016-10-01T00:00:00Z,emigranti,0,7
2016-10-01T00:00:00Z,azylant,87,1
2016-10-01T00:00:00Z,azylanti,0,2
2016-10-01T00:00:00Z,uteèenci,0,19
2016-09-01T00:00:00Z,migrace,16,11
2016-09-01T00:00:00Z,imigrace,10,8
2016-09-01T00:00:00Z,pøistìhovalectví,0,16
2016-09-01T00:00:00Z,emigrace,11,5
2016-09-01T00:00:00Z,migrant,43,12
2016-09-01T00:00:00Z,migranti,17,13
2016-09-01T00:00:00Z,imigrant,9,9
2016-09-01T00:00:00Z,imigranti,6,10
2016-09-01T00:00:00Z,uprchlík,45,18
2016-09-01T00:00:00Z,uprchlíci,13,17
2016-09-01T00:00:00Z,bìženky,0,4
2016-09-01T00:00:00Z,bìženci,7,3
2016-09-01T00:00:00Z,pøistìhovalec,0,15
2016-09-01T00:00:00Z,pøistìhovalci,0,14
2016-09-01T00:00:00Z,emigrant,25,6
2016-09-01T00:00:00Z,emigranti,0,7
2016-09-01T00:00:00Z,azylant,0,1
2016-09-01T00:00:00Z,azylanti,0,2
2016-09-01T00:00:00Z,uteèenci,0,19
2016-08-01T00:00:00Z,migrace,31,11
2016-08-01T00:00:00Z,imigrace,10,8
2016-08-01T00:00:00Z,pøistìhovalectví,0,16
2016-08-01T00:00:00Z,emigrace,44,5
2016-08-01T00:00:00Z,migrant,15,12
2016-08-01T00:00:00Z,migranti,40,13
2016-08-01T00:00:00Z,imigrant,19,9
2016-08-01T00:00:00Z,imigranti,5,10
2016-08-01T00:00:00Z,uprchlík,0,18
2016-08-01T00:00:00Z,uprchlíci,15,17
2016-08-01T00:00:00Z,bìženky,0,4
2016-08-01T00:00:00Z,bìženci,0,3
2016-08-01T00:00:00Z,pøistìhovalec,0,15
2016-08-01T00:00:00Z,pøistìhovalci,0,14
2016-08-01T00:00:00Z,emigrant,0,6
2016-08-01T00:00:00Z,emigranti,13,7
2016-08-01T00:00:00Z,azylant,0,1
2016-08-01T00:00:00Z,azylanti,0,2
2016-08-01T00:00:00Z,uteèenci,26,19
2016-07-01T00:00:00Z,migrace,25,11
2016-07-01T00:00:00Z,imigrace,20,8
2016-07-01T00:00:00Z,pøistìhovalectví,0,16
2016-07-01T00:00:00Z,emigrace,67,5
2016-07-01T00:00:00Z,migrant,0,12
2016-07-01T00:00:00Z,migranti,11,13
2016-07-01T00:00:00Z,imigrant,38,9
2016-07-01T00:00:00Z,imigranti,12,10
2016-07-01T00:00:00Z,uprchlík,32,18
2016-07-01T00:00:00Z,uprchlíci,14,17
2016-07-01T00:00:00Z,bìženky,0,4
2016-07-01T00:00:00Z,bìženci,23,3
2016-07-01T00:00:00Z,pøistìhovalec,0,15
2016-07-01T00:00:00Z,pøistìhovalci,0,14
2016-07-01T00:00:00Z,emigrant,0,6
2016-07-01T00:00:00Z,emigranti,13,7
2016-07-01T00:00:00Z,azylant,0,1
2016-07-01T00:00:00Z,azylanti,0,2
2016-07-01T00:00:00Z,uteèenci,0,19
2016-06-01T00:00:00Z,migrace,27,11
2016-06-01T00:00:00Z,imigrace,18,8
2016-06-01T00:00:00Z,pøistìhovalectví,0,16
2016-06-01T00:00:00Z,emigrace,58,5
2016-06-01T00:00:00Z,migrant,52,12
2016-06-01T00:00:00Z,migranti,38,13
2016-06-01T00:00:00Z,imigrant,8,9
2016-06-01T00:00:00Z,imigranti,6,10
2016-06-01T00:00:00Z,uprchlík,0,18
2016-06-01T00:00:00Z,uprchlíci,23,17
2016-06-01T00:00:00Z,bìženky,0,4
2016-06-01T00:00:00Z,bìženci,0,3
2016-06-01T00:00:00Z,pøistìhovalec,0,15
2016-06-01T00:00:00Z,pøistìhovalci,88,14
2016-06-01T00:00:00Z,emigrant,69,6
2016-06-01T00:00:00Z,emigranti,0,7
2016-06-01T00:00:00Z,azylant,88,1
2016-06-01T00:00:00Z,azylanti,0,2
2016-06-01T00:00:00Z,uteèenci,11,19
2016-05-01T00:00:00Z,migrace,56,11
2016-05-01T00:00:00Z,imigrace,41,8
2016-05-01T00:00:00Z,pøistìhovalectví,75,16
2016-05-01T00:00:00Z,emigrace,18,5
2016-05-01T00:00:00Z,migrant,0,12
2016-05-01T00:00:00Z,migranti,23,13
2016-05-01T00:00:00Z,imigrant,0,9
2016-05-01T00:00:00Z,imigranti,7,10
2016-05-01T00:00:00Z,uprchlík,64,18
2016-05-01T00:00:00Z,uprchlíci,16,17
2016-05-01T00:00:00Z,bìženky,0,4
2016-05-01T00:00:00Z,bìženci,6,3
2016-05-01T00:00:00Z,pøistìhovalec,0,15
2016-05-01T00:00:00Z,pøistìhovalci,41,14
2016-05-01T00:00:00Z,emigrant,42,6
2016-05-01T00:00:00Z,emigranti,0,7
2016-05-01T00:00:00Z,azylant,0,1
2016-05-01T00:00:00Z,azylanti,0,2
2016-05-01T00:00:00Z,uteèenci,10,19
2016-04-01T00:00:00Z,migrace,52,11
2016-04-01T00:00:00Z,imigrace,42,8
2016-04-01T00:00:00Z,pøistìhovalectví,0,16
2016-04-01T00:00:00Z,emigrace,46,5
2016-04-01T00:00:00Z,migrant,25,12
2016-04-01T00:00:00Z,migranti,48,13
2016-04-01T00:00:00Z,imigrant,32,9
2016-04-01T00:00:00Z,imigranti,14,10
2016-04-01T00:00:00Z,uprchlík,0,18
2016-04-01T00:00:00Z,uprchlíci,27,17
2016-04-01T00:00:00Z,bìženky,0,4
2016-04-01T00:00:00Z,bìženci,6,3
2016-04-01T00:00:00Z,pøistìhovalec,0,15
2016-04-01T00:00:00Z,pøistìhovalci,0,14
2016-04-01T00:00:00Z,emigrant,22,6
2016-04-01T00:00:00Z,emigranti,21,7
2016-04-01T00:00:00Z,azylant,84,1
2016-04-01T00:00:00Z,azylanti,0,2
2016-04-01T00:00:00Z,uteèenci,0,19
2016-03-01T00:00:00Z,migrace,69,11
2016-03-01T00:00:00Z,imigrace,24,8
2016-03-01T00:00:00Z,pøistìhovalectví,0,16
2016-03-01T00:00:00Z,emigrace,79,5
2016-03-01T00:00:00Z,migrant,36,12
2016-03-01T00:00:00Z,migranti,34,13
2016-03-01T00:00:00Z,imigrant,23,9
2016-03-01T00:00:00Z,imigranti,11,10
2016-03-01T00:00:00Z,uprchlík,76,18
2016-03-01T00:00:00Z,uprchlíci,35,17
2016-03-01T00:00:00Z,bìženky,0,4
2016-03-01T00:00:00Z,bìženci,6,3
2016-03-01T00:00:00Z,pøistìhovalec,0,15
2016-03-01T00:00:00Z,pøistìhovalci,40,14
2016-03-01T00:00:00Z,emigrant,42,6
2016-03-01T00:00:00Z,emigranti,20,7
2016-03-01T00:00:00Z,azylant,0,1
2016-03-01T00:00:00Z,azylanti,0,2
2016-03-01T00:00:00Z,uteèenci,21,19
2016-02-01T00:00:00Z,migrace,64,11
2016-02-01T00:00:00Z,imigrace,9,8
2016-02-01T00:00:00Z,pøistìhovalectví,0,16
2016-02-01T00:00:00Z,emigrace,19,5
2016-02-01T00:00:00Z,migrant,50,12
2016-02-01T00:00:00Z,migranti,49,13
2016-02-01T00:00:00Z,imigrant,24,9
2016-02-01T00:00:00Z,imigranti,15,10
2016-02-01T00:00:00Z,uprchlík,81,18
2016-02-01T00:00:00Z,uprchlíci,32,17
2016-02-01T00:00:00Z,bìženky,0,4
2016-02-01T00:00:00Z,bìženci,19,3
2016-02-01T00:00:00Z,pøistìhovalec,0,15
2016-02-01T00:00:00Z,pøistìhovalci,43,14
2016-02-01T00:00:00Z,emigrant,0,6
2016-02-01T00:00:00Z,emigranti,21,7
2016-02-01T00:00:00Z,azylant,0,1
2016-02-01T00:00:00Z,azylanti,0,2
2016-02-01T00:00:00Z,uteèenci,11,19
2016-01-01T00:00:00Z,migrace,39,11
2016-01-01T00:00:00Z,imigrace,48,8
2016-01-01T00:00:00Z,pøistìhovalectví,0,16
2016-01-01T00:00:00Z,emigrace,35,5
2016-01-01T00:00:00Z,migrant,59,12
2016-01-01T00:00:00Z,migranti,75,13
2016-01-01T00:00:00Z,imigrant,8,9
2016-01-01T00:00:00Z,imigranti,20,10
2016-01-01T00:00:00Z,uprchlík,25,18
2016-01-01T00:00:00Z,uprchlíci,33,17
2016-01-01T00:00:00Z,bìženky,0,4
2016-01-01T00:00:00Z,bìženci,12,3
2016-01-01T00:00:00Z,pøistìhovalec,0,15
2016-01-01T00:00:00Z,pøistìhovalci,0,14
2016-01-01T00:00:00Z,emigrant,21,6
2016-01-01T00:00:00Z,emigranti,0,7
2016-01-01T00:00:00Z,azylant,0,1
2016-01-01T00:00:00Z,azylanti,0,2
2016-01-01T00:00:00Z,uteèenci,21,19
2015-12-01T00:00:00Z,migrace,68,11
2015-12-01T00:00:00Z,imigrace,19,8
2015-12-01T00:00:00Z,pøistìhovalectví,0,16
2015-12-01T00:00:00Z,emigrace,21,5
2015-12-01T00:00:00Z,migrant,42,12
2015-12-01T00:00:00Z,migranti,30,13
2015-12-01T00:00:00Z,imigrant,18,9
2015-12-01T00:00:00Z,imigranti,12,10
2015-12-01T00:00:00Z,uprchlík,44,18
2015-12-01T00:00:00Z,uprchlíci,21,17
2015-12-01T00:00:00Z,bìženky,0,4
2015-12-01T00:00:00Z,bìženci,0,3
2015-12-01T00:00:00Z,pøistìhovalec,0,15
2015-12-01T00:00:00Z,pøistìhovalci,0,14
2015-12-01T00:00:00Z,emigrant,24,6
2015-12-01T00:00:00Z,emigranti,0,7
2015-12-01T00:00:00Z,azylant,0,1
2015-12-01T00:00:00Z,azylanti,0,2
2015-12-01T00:00:00Z,uteèenci,12,19
2015-11-01T00:00:00Z,migrace,78,11
2015-11-01T00:00:00Z,imigrace,45,8
2015-11-01T00:00:00Z,pøistìhovalectví,84,16
2015-11-01T00:00:00Z,emigrace,40,5
2015-11-01T00:00:00Z,migrant,80,12
2015-11-01T00:00:00Z,migranti,52,13
2015-11-01T00:00:00Z,imigrant,34,9
2015-11-01T00:00:00Z,imigranti,30,10
2015-11-01T00:00:00Z,uprchlík,29,18
2015-11-01T00:00:00Z,uprchlíci,44,17
2015-11-01T00:00:00Z,bìženky,0,4
2015-11-01T00:00:00Z,bìženci,20,3
2015-11-01T00:00:00Z,pøistìhovalec,0,15
2015-11-01T00:00:00Z,pøistìhovalci,0,14
2015-11-01T00:00:00Z,emigrant,23,6
2015-11-01T00:00:00Z,emigranti,34,7
2015-11-01T00:00:00Z,azylant,0,1
2015-11-01T00:00:00Z,azylanti,0,2
2015-11-01T00:00:00Z,uteèenci,12,19
2015-10-01T00:00:00Z,migrace,53,11
2015-10-01T00:00:00Z,imigrace,99,8
2015-10-01T00:00:00Z,pøistìhovalectví,0,16
2015-10-01T00:00:00Z,emigrace,40,5
2015-10-01T00:00:00Z,migrant,40,12
2015-10-01T00:00:00Z,migranti,61,13
2015-10-01T00:00:00Z,imigrant,17,9
2015-10-01T00:00:00Z,imigranti,25,10
2015-10-01T00:00:00Z,uprchlík,28,18
2015-10-01T00:00:00Z,uprchlíci,41,17
2015-10-01T00:00:00Z,bìženky,0,4
2015-10-01T00:00:00Z,bìženci,27,3
2015-10-01T00:00:00Z,pøistìhovalec,0,15
2015-10-01T00:00:00Z,pøistìhovalci,90,14
2015-10-01T00:00:00Z,emigrant,47,6
2015-10-01T00:00:00Z,emigranti,34,7
2015-10-01T00:00:00Z,azylant,0,1
2015-10-01T00:00:00Z,azylanti,0,2
2015-10-01T00:00:00Z,uteèenci,35,19
2015-09-01T00:00:00Z,migrace,46,11
2015-09-01T00:00:00Z,imigrace,39,8
2015-09-01T00:00:00Z,pøistìhovalectví,0,16
2015-09-01T00:00:00Z,emigrace,95,5
2015-09-01T00:00:00Z,migrant,100,12
2015-09-01T00:00:00Z,migranti,100,13
2015-09-01T00:00:00Z,imigrant,100,9
2015-09-01T00:00:00Z,imigranti,70,10
2015-09-01T00:00:00Z,uprchlík,91,18
2015-09-01T00:00:00Z,uprchlíci,100,17
2015-09-01T00:00:00Z,bìženky,0,4
2015-09-01T00:00:00Z,bìženci,100,3
2015-09-01T00:00:00Z,pøistìhovalec,0,15
2015-09-01T00:00:00Z,pøistìhovalci,48,14
2015-09-01T00:00:00Z,emigrant,100,6
2015-09-01T00:00:00Z,emigranti,48,7
2015-09-01T00:00:00Z,azylant,97,1
2015-09-01T00:00:00Z,azylanti,71,2
2015-09-01T00:00:00Z,uteèenci,100,19
2015-08-01T00:00:00Z,migrace,38,11
2015-08-01T00:00:00Z,imigrace,40,8
2015-08-01T00:00:00Z,pøistìhovalectví,0,16
2015-08-01T00:00:00Z,emigrace,55,5
2015-08-01T00:00:00Z,migrant,15,12
2015-08-01T00:00:00Z,migranti,43,13
2015-08-01T00:00:00Z,imigrant,47,9
2015-08-01T00:00:00Z,imigranti,49,10
2015-08-01T00:00:00Z,uprchlík,32,18
2015-08-01T00:00:00Z,uprchlíci,65,17
2015-08-01T00:00:00Z,bìženky,0,4
2015-08-01T00:00:00Z,bìženci,44,3
2015-08-01T00:00:00Z,pøistìhovalec,0,15
2015-08-01T00:00:00Z,pøistìhovalci,0,14
2015-08-01T00:00:00Z,emigrant,26,6
2015-08-01T00:00:00Z,emigranti,0,7
2015-08-01T00:00:00Z,azylant,100,1
2015-08-01T00:00:00Z,azylanti,0,2
2015-08-01T00:00:00Z,uteèenci,65,19
2015-07-01T00:00:00Z,migrace,26,11
2015-07-01T00:00:00Z,imigrace,43,8
2015-07-01T00:00:00Z,pøistìhovalectví,100,16
2015-07-01T00:00:00Z,emigrace,12,5
2015-07-01T00:00:00Z,migrant,16,12
2015-07-01T00:00:00Z,migranti,27,13
2015-07-01T00:00:00Z,imigrant,10,9
2015-07-01T00:00:00Z,imigranti,32,10
2015-07-01T00:00:00Z,uprchlík,85,18
2015-07-01T00:00:00Z,uprchlíci,45,17
2015-07-01T00:00:00Z,bìženky,0,4
2015-07-01T00:00:00Z,bìženci,40,3
2015-07-01T00:00:00Z,pøistìhovalec,0,15
2015-07-01T00:00:00Z,pøistìhovalci,0,14
2015-07-01T00:00:00Z,emigrant,0,6
2015-07-01T00:00:00Z,emigranti,14,7
2015-07-01T00:00:00Z,azylant,0,1
2015-07-01T00:00:00Z,azylanti,0,2
2015-07-01T00:00:00Z,uteèenci,42,19
2015-06-01T00:00:00Z,migrace,48,11
2015-06-01T00:00:00Z,imigrace,100,8
2015-06-01T00:00:00Z,pøistìhovalectví,0,16
2015-06-01T00:00:00Z,emigrace,88,5
2015-06-01T00:00:00Z,migrant,30,12
2015-06-01T00:00:00Z,migranti,50,13
2015-06-01T00:00:00Z,imigrant,47,9
2015-06-01T00:00:00Z,imigranti,100,10
2015-06-01T00:00:00Z,uprchlík,47,18
2015-06-01T00:00:00Z,uprchlíci,67,17
2015-06-01T00:00:00Z,bìženky,0,4
2015-06-01T00:00:00Z,bìženci,44,3
2015-06-01T00:00:00Z,pøistìhovalec,100,15
2015-06-01T00:00:00Z,pøistìhovalci,100,14
2015-06-01T00:00:00Z,emigrant,26,6
2015-06-01T00:00:00Z,emigranti,100,7
2015-06-01T00:00:00Z,azylant,100,1
2015-06-01T00:00:00Z,azylanti,0,2
2015-06-01T00:00:00Z,uteèenci,78,19
2015-05-01T00:00:00Z,migrace,55,11
2015-05-01T00:00:00Z,imigrace,28,8
2015-05-01T00:00:00Z,pøistìhovalectví,86,16
2015-05-01T00:00:00Z,emigrace,41,5
2015-05-01T00:00:00Z,migrant,0,12
2015-05-01T00:00:00Z,migranti,7,13
2015-05-01T00:00:00Z,imigrant,18,9
2015-05-01T00:00:00Z,imigranti,3,10
2015-05-01T00:00:00Z,uprchlík,59,18
2015-05-01T00:00:00Z,uprchlíci,13,17
2015-05-01T00:00:00Z,bìženky,0,4
2015-05-01T00:00:00Z,bìženci,28,3
2015-05-01T00:00:00Z,pøistìhovalec,94,15
2015-05-01T00:00:00Z,pøistìhovalci,94,14
2015-05-01T00:00:00Z,emigrant,0,6
2015-05-01T00:00:00Z,emigranti,12,7
2015-05-01T00:00:00Z,azylant,0,1
2015-05-01T00:00:00Z,azylanti,0,2
2015-05-01T00:00:00Z,uteèenci,12,19
2015-04-01T00:00:00Z,migrace,30,11
2015-04-01T00:00:00Z,imigrace,59,8
2015-04-01T00:00:00Z,pøistìhovalectví,0,16
2015-04-01T00:00:00Z,emigrace,54,5
2015-04-01T00:00:00Z,migrant,29,12
2015-04-01T00:00:00Z,migranti,7,13
2015-04-01T00:00:00Z,imigrant,9,9
2015-04-01T00:00:00Z,imigranti,3,10
2015-04-01T00:00:00Z,uprchlík,31,18
2015-04-01T00:00:00Z,uprchlíci,3,17
2015-04-01T00:00:00Z,bìženky,0,4
2015-04-01T00:00:00Z,bìženci,0,3
2015-04-01T00:00:00Z,pøistìhovalec,0,15
2015-04-01T00:00:00Z,pøistìhovalci,98,14
2015-04-01T00:00:00Z,emigrant,25,6
2015-04-01T00:00:00Z,emigranti,12,7
2015-04-01T00:00:00Z,azylant,0,1
2015-04-01T00:00:00Z,azylanti,0,2
2015-04-01T00:00:00Z,uteèenci,0,19
2015-03-01T00:00:00Z,migrace,39,11
2015-03-01T00:00:00Z,imigrace,19,8
2015-03-01T00:00:00Z,pøistìhovalectví,0,16
2015-03-01T00:00:00Z,emigrace,31,5
2015-03-01T00:00:00Z,migrant,0,12
2015-03-01T00:00:00Z,migranti,0,13
2015-03-01T00:00:00Z,imigrant,9,9
2015-03-01T00:00:00Z,imigranti,1,10
2015-03-01T00:00:00Z,uprchlík,0,18
2015-03-01T00:00:00Z,uprchlíci,1,17
2015-03-01T00:00:00Z,bìženky,0,4
2015-03-01T00:00:00Z,bìženci,0,3
2015-03-01T00:00:00Z,pøistìhovalec,0,15
2015-03-01T00:00:00Z,pøistìhovalci,0,14
2015-03-01T00:00:00Z,emigrant,24,6
2015-03-01T00:00:00Z,emigranti,12,7
2015-03-01T00:00:00Z,azylant,0,1
2015-03-01T00:00:00Z,azylanti,0,2
2015-03-01T00:00:00Z,uteèenci,0,19
2015-02-01T00:00:00Z,migrace,30,11
2015-02-01T00:00:00Z,imigrace,22,8
2015-02-01T00:00:00Z,pøistìhovalectví,0,16
2015-02-01T00:00:00Z,emigrace,59,5
2015-02-01T00:00:00Z,migrant,0,12
2015-02-01T00:00:00Z,migranti,0,13
2015-02-01T00:00:00Z,imigrant,20,9
2015-02-01T00:00:00Z,imigranti,2,10
2015-02-01T00:00:00Z,uprchlík,0,18
2015-02-01T00:00:00Z,uprchlíci,1,17
2015-02-01T00:00:00Z,bìženky,0,4
2015-02-01T00:00:00Z,bìženci,0,3
2015-02-01T00:00:00Z,pøistìhovalec,0,15
2015-02-01T00:00:00Z,pøistìhovalci,0,14
2015-02-01T00:00:00Z,emigrant,0,6
2015-02-01T00:00:00Z,emigranti,13,7
2015-02-01T00:00:00Z,azylant,0,1
2015-02-01T00:00:00Z,azylanti,0,2
2015-02-01T00:00:00Z,uteèenci,0,19
2015-01-01T00:00:00Z,migrace,36,11
2015-01-01T00:00:00Z,imigrace,19,8
2015-01-01T00:00:00Z,pøistìhovalectví,0,16
2015-01-01T00:00:00Z,emigrace,52,5
2015-01-01T00:00:00Z,migrant,0,12
2015-01-01T00:00:00Z,migranti,0,13
2015-01-01T00:00:00Z,imigrant,9,9
2015-01-01T00:00:00Z,imigranti,1,10
2015-01-01T00:00:00Z,uprchlík,0,18
2015-01-01T00:00:00Z,uprchlíci,5,17
2015-01-01T00:00:00Z,bìženky,0,4
2015-01-01T00:00:00Z,bìženci,0,3
2015-01-01T00:00:00Z,pøistìhovalec,0,15
2015-01-01T00:00:00Z,pøistìhovalci,0,14
2015-01-01T00:00:00Z,emigrant,25,6
2015-01-01T00:00:00Z,emigranti,12,7
2015-01-01T00:00:00Z,azylant,95,1
2015-01-01T00:00:00Z,azylanti,0,2
2015-01-01T00:00:00Z,uteèenci,12,19
